{
  "cardboard": {
    "precision": 0.85,
    "recall": 0.8292682926829268,
    "f1-score": 0.8395061728395061,
    "support": 41.0
  },
  "glass": {
    "precision": 0.6833333333333333,
    "recall": 0.82,
    "f1-score": 0.7454545454545455,
    "support": 50.0
  },
  "metal": {
    "precision": 0.7878787878787878,
    "recall": 0.6341463414634146,
    "f1-score": 0.7027027027027027,
    "support": 41.0
  },
  "paper": {
    "precision": 0.7619047619047619,
    "recall": 0.8135593220338984,
    "f1-score": 0.7868852459016393,
    "support": 59.0
  },
  "plastic": {
    "precision": 0.8095238095238095,
    "recall": 0.6938775510204082,
    "f1-score": 0.7472527472527473,
    "support": 49.0
  },
  "trash": {
    "precision": 0.6666666666666666,
    "recall": 0.7692307692307693,
    "f1-score": 0.7142857142857143,
    "support": 13.0
  },
  "accuracy": 0.7628458498023716,
  "macro avg": {
    "precision": 0.7598845598845599,
    "recall": 0.7600137127385694,
    "f1-score": 0.7560145214061426,
    "support": 253.0
  },
  "weighted avg": {
    "precision": 0.7691913488356176,
    "recall": 0.7628458498023716,
    "f1-score": 0.7621763619733337,
    "support": 253.0
  }
}